timestamp,cpu_percent,ram_used_gb,ram_percent,swap_used_gb,gpu0_mem_mb,gpu0_percent,gpu0_util,gpu0_temp,gpu1_mem_mb,gpu1_percent,gpu1_util,gpu1_temp
2026-01-04T22:09:55.650667,0.4,4.07,3.3,0.00,891,2.7,0,32,18,0.1,0,35,
2026-01-04T22:09:58.801803,0.0,4.08,3.3,0.00,889,2.7,0,32,18,0.1,0,35,
2026-01-04T22:10:01.938886,0.0,4.09,3.3,0.00,889,2.7,0,32,18,0.1,0,35,
2026-01-04T22:10:05.080861,0.4,4.09,3.3,0.00,889,2.7,0,32,18,0.1,0,35,
2026-01-04T22:10:08.223450,0.0,4.11,3.3,0.00,889,2.7,0,32,18,0.1,0,35,
2026-01-04T22:10:11.370831,1.2,4.16,3.4,0.00,889,2.7,0,32,18,0.1,0,35,
2026-01-04T22:10:14.511079,0.0,4.17,3.4,0.00,889,2.7,0,32,18,0.1,0,35,
2026-01-04T22:10:17.653523,0.0,4.17,3.4,0.00,889,2.7,0,32,18,0.1,0,35,
2026-01-04T22:10:20.796436,0.0,4.18,3.4,0.00,889,2.7,0,32,18,0.1,0,35,
2026-01-04T22:10:23.926024,0.0,4.17,3.4,0.00,889,2.7,0,32,18,0.1,0,35,
2026-01-04T22:10:27.067804,0.0,4.17,3.4,0.00,889,2.7,0,32,18,0.1,0,35,
2026-01-04T22:10:30.213158,0.0,4.19,3.4,0.00,889,2.7,0,32,18,0.1,0,35,
2026-01-04T22:10:33.357081,0.8,4.20,3.4,0.00,889,2.7,0,32,18,0.1,0,35,
2026-01-04T22:10:36.497204,2.9,4.19,3.4,0.00,889,2.7,0,32,18,0.1,0,35,
2026-01-04T22:10:39.637649,4.2,4.17,3.4,0.00,889,2.7,0,32,18,0.1,0,35,
2026-01-04T22:10:42.780960,4.6,4.18,3.4,0.00,889,2.7,0,32,18,0.1,0,35,
2026-01-04T22:10:45.924597,0.0,4.19,3.4,0.00,889,2.7,0,32,18,0.1,0,35,
2026-01-04T22:10:49.067992,0.0,4.19,3.4,0.00,889,2.7,0,31,18,0.1,0,35,
2026-01-04T22:10:52.203828,1.2,4.16,3.4,0.00,889,2.7,1,32,18,0.1,0,35,
2026-01-04T22:10:55.345609,0.8,4.16,3.4,0.00,889,2.7,1,32,18,0.1,0,35,
2026-01-04T22:10:58.485529,0.4,4.16,3.4,0.00,889,2.7,0,32,18,0.1,0,35,
2026-01-04T22:11:01.626281,0.0,4.18,3.4,0.00,889,2.7,1,32,18,0.1,0,35,
2026-01-04T22:11:04.767021,0.0,4.15,3.4,0.00,889,2.7,1,32,18,0.1,0,35,
2026-01-04T22:11:07.910902,0.0,4.16,3.4,0.00,889,2.7,0,32,18,0.1,0,35,
2026-01-04T22:11:11.055625,0.0,4.17,3.4,0.00,889,2.7,1,32,18,0.1,0,35,
2026-01-04T22:11:14.186376,0.0,4.25,3.4,0.00,889,2.7,0,32,18,0.1,0,35,
2026-01-04T22:11:17.328101,0.8,4.33,3.5,0.00,889,2.7,0,32,18,0.1,0,35,
2026-01-04T22:11:20.467838,0.0,4.39,3.6,0.00,889,2.7,0,32,18,0.1,0,35,
2026-01-04T22:11:23.609797,0.0,4.38,3.6,0.00,899,2.8,0,32,18,0.1,0,35,
2026-01-04T22:11:26.750977,1.2,4.42,3.6,0.00,899,2.8,0,32,18,0.1,0,35,
2026-01-04T22:11:29.888586,0.4,4.41,3.6,0.00,899,2.8,0,32,18,0.1,0,35,
2026-01-04T22:11:33.029319,0.4,4.49,3.6,0.00,899,2.8,0,32,18,0.1,0,35,
2026-01-04T22:11:36.170249,0.4,4.54,3.7,0.00,899,2.8,0,32,18,0.1,0,35,
2026-01-04T22:11:39.311109,1.3,4.58,3.7,0.00,899,2.8,0,32,18,0.1,0,35,
2026-01-04T22:11:42.439016,0.0,4.62,3.7,0.00,899,2.8,0,32,18,0.1,0,35,
2026-01-04T22:11:45.582324,0.0,4.64,3.8,0.00,899,2.8,0,32,18,0.1,0,35,
2026-01-04T22:11:48.723523,0.0,4.67,3.8,0.00,889,2.7,0,32,18,0.1,0,35,
2026-01-04T22:11:51.865592,1.2,4.82,3.9,0.00,889,2.7,2,32,706,4.3,0,36,
2026-01-04T22:11:54.992752,6.2,4.16,3.4,0.00,886,2.7,0,33,18,0.1,0,36,
2026-01-04T22:11:58.115003,0.0,4.20,3.4,0.00,886,2.7,0,32,18,0.1,0,35,
2026-01-04T22:12:01.245961,0.0,4.25,3.4,0.00,886,2.7,0,32,18,0.1,0,35,
2026-01-04T22:12:04.377468,0.8,4.24,3.4,0.00,886,2.7,0,32,18,0.1,0,35,
2026-01-04T22:12:07.518636,0.0,4.24,3.4,0.00,896,2.7,0,32,18,0.1,0,35,
2026-01-04T22:12:10.661483,0.4,4.21,3.4,0.00,894,2.7,0,32,18,0.1,0,35,
2026-01-04T22:12:13.802156,0.0,4.20,3.4,0.00,895,2.7,0,32,18,0.1,0,35,
2026-01-04T22:12:16.946147,0.4,4.19,3.4,0.00,895,2.7,0,32,18,0.1,0,35,
2026-01-04T22:12:20.088738,0.0,4.18,3.4,0.00,895,2.7,0,32,18,0.1,0,35,
2026-01-04T22:12:23.232075,0.0,4.20,3.4,0.00,895,2.7,0,31,18,0.1,0,35,
2026-01-04T22:12:26.376904,1.7,4.19,3.4,0.00,895,2.7,0,31,18,0.1,0,35,
2026-01-04T22:12:29.517327,0.0,4.21,3.4,0.00,895,2.7,0,31,18,0.1,0,35,
2026-01-04T22:12:32.647899,0.0,4.20,3.4,0.00,895,2.7,0,32,18,0.1,0,35,
2026-01-04T22:12:35.789788,1.2,4.21,3.4,0.00,895,2.7,0,31,18,0.1,0,35,
2026-01-04T22:12:38.933319,0.0,4.20,3.4,0.00,895,2.7,0,32,18,0.1,0,35,
2026-01-04T22:12:42.074245,0.0,4.20,3.4,0.00,895,2.7,0,31,18,0.1,0,35,
2026-01-04T22:12:45.216804,0.0,4.20,3.4,0.00,895,2.7,0,32,18,0.1,0,35,
2026-01-04T22:12:48.361213,0.8,4.20,3.4,0.00,895,2.7,0,32,18,0.1,0,35,
2026-01-04T22:12:51.501140,0.4,4.20,3.4,0.00,895,2.7,0,31,18,0.1,0,35,
2026-01-04T22:12:54.630842,0.4,4.23,3.4,0.00,895,2.7,0,31,18,0.1,0,35,
2026-01-04T22:12:57.772420,0.0,4.22,3.4,0.00,895,2.7,0,32,18,0.1,0,35,
2026-01-04T22:13:00.908115,0.8,4.22,3.4,0.00,895,2.7,0,32,18,0.1,0,35,
2026-01-04T22:13:04.050460,0.0,4.19,3.4,0.00,895,2.7,0,31,18,0.1,0,35,
2026-01-04T22:13:07.191844,0.0,4.22,3.4,0.00,895,2.7,0,31,18,0.1,0,35,
2026-01-04T22:13:10.333201,1.7,4.23,3.4,0.00,895,2.7,0,32,18,0.1,0,35,
2026-01-04T22:13:13.473097,0.0,4.21,3.4,0.00,895,2.7,0,31,18,0.1,0,35,
2026-01-04T22:13:16.613959,0.4,4.20,3.4,0.00,895,2.7,0,31,18,0.1,0,35,
2026-01-04T22:13:19.755359,0.0,4.22,3.4,0.00,895,2.7,0,31,18,0.1,0,35,
2026-01-04T22:13:22.885818,4.2,4.17,3.4,0.00,894,2.7,0,33,18,0.1,0,35,
2026-01-04T22:13:26.024622,0.8,5.00,4.1,0.00,884,2.7,0,32,706,4.3,0,36,
2026-01-04T22:13:29.152107,0.0,5.04,4.1,0.00,884,2.7,0,31,706,4.3,0,36,
2026-01-04T22:13:32.278495,2.1,5.21,4.2,0.00,884,2.7,0,32,716,4.4,0,36,
2026-01-04T22:13:35.408943,0.0,5.27,4.3,0.00,884,2.7,0,31,882,5.4,0,36,
2026-01-04T22:13:38.533369,1.3,5.43,4.4,0.00,884,2.7,0,32,1394,8.6,98,39,
2026-01-04T22:13:41.657775,8.3,5.72,4.6,0.00,894,2.7,0,31,3008,18.5,85,46,
2026-01-04T22:13:44.782817,12.4,5.83,4.7,0.00,894,2.7,0,31,3008,18.5,35,48,
2026-01-04T22:13:47.907482,4.2,5.85,4.7,0.00,894,2.7,0,32,3008,18.5,95,49,
2026-01-04T22:13:51.032875,14.7,5.82,4.7,0.00,894,2.7,0,32,3008,18.5,52,44,
2026-01-04T22:13:54.163246,23.2,5.75,4.7,0.00,894,2.7,0,32,3008,18.5,1,50,
2026-01-04T22:13:57.292101,9.2,5.76,4.7,0.00,894,2.7,0,32,3008,18.5,39,45,
2026-01-04T22:14:00.423499,15.1,5.75,4.7,0.00,894,2.7,0,32,3008,18.5,0,49,
2026-01-04T22:14:03.548713,19.2,5.69,4.6,0.00,894,2.7,0,32,3008,18.5,99,47,
2026-01-04T22:14:06.674185,12.1,5.67,4.6,0.00,894,2.7,0,32,3008,18.5,0,45,
2026-01-04T22:14:09.800033,16.9,5.70,4.6,0.00,894,2.7,0,32,3008,18.5,0,46,
2026-01-04T22:14:12.931229,0.0,5.68,4.6,0.00,1388,4.3,0,33,636,3.9,0,44,
2026-01-04T22:14:16.052401,0.8,5.73,4.6,0.00,1388,4.3,0,33,636,3.9,0,42,
2026-01-04T22:14:19.172741,5.4,5.84,4.7,0.00,1388,4.3,0,33,690,4.2,6,42,
2026-01-04T22:14:22.294112,9.2,5.85,4.7,0.00,1388,4.3,0,34,712,4.4,73,45,
2026-01-04T22:14:25.417194,9.2,5.86,4.8,0.00,1388,4.3,0,34,714,4.4,62,44,
2026-01-04T22:14:28.539552,9.5,5.91,4.8,0.00,1388,4.3,1,34,714,4.4,72,44,
2026-01-04T22:14:31.661965,9.2,5.94,4.8,0.00,1388,4.3,0,33,718,4.4,74,44,
2026-01-04T22:14:34.787348,8.8,5.95,4.8,0.00,1388,4.3,1,33,718,4.4,62,43,
2026-01-04T22:14:37.915322,4.2,6.30,5.1,0.00,1957,6.0,1,33,718,4.4,61,42,
2026-01-04T22:14:41.036268,4.2,6.88,5.6,0.00,11277,34.6,96,48,718,4.4,0,41,
2026-01-04T22:14:44.161947,5.4,6.90,5.6,0.00,11277,34.6,96,50,718,4.4,0,41,
2026-01-04T22:14:47.286853,5.4,6.95,5.6,0.00,11277,34.6,96,51,718,4.4,0,40,
2026-01-04T22:14:50.412840,4.6,6.95,5.6,0.00,11277,34.6,96,52,718,4.4,0,40,
2026-01-04T22:14:53.537372,4.6,6.98,5.7,0.00,11277,34.6,96,53,718,4.4,0,40,
2026-01-04T22:14:56.661537,5.4,6.98,5.7,0.00,11277,34.6,96,54,718,4.4,0,38,
2026-01-04T22:14:59.792133,5.0,6.97,5.6,0.00,11277,34.6,95,56,718,4.4,0,38,
2026-01-04T22:15:02.925417,5.0,6.93,5.6,0.00,11277,34.6,96,56,718,4.4,0,37,
2026-01-04T22:15:06.066989,5.4,6.93,5.6,0.00,11277,34.6,96,57,718,4.4,0,37,
2026-01-04T22:15:09.211027,5.4,6.93,5.6,0.00,11287,34.6,96,58,718,4.4,0,37,
2026-01-04T22:15:12.353852,6.2,6.94,5.6,0.00,11277,34.6,96,59,718,4.4,0,36,
2026-01-04T22:15:15.495159,5.0,6.93,5.6,0.00,11277,34.6,95,60,718,4.4,0,36,
2026-01-04T22:15:18.640672,4.6,6.94,5.6,0.00,11277,34.6,96,61,718,4.4,0,36,
2026-01-04T22:15:21.782933,5.4,6.97,5.6,0.00,11277,34.6,95,62,718,4.4,0,35,
2026-01-04T22:15:24.913483,5.4,6.92,5.6,0.00,11277,34.6,96,62,718,4.4,0,35,
2026-01-04T22:15:28.054739,5.0,6.93,5.6,0.00,11277,34.6,96,63,718,4.4,0,35,
2026-01-04T22:15:31.199620,5.0,6.94,5.6,0.00,11277,34.6,96,63,718,4.4,0,35,
2026-01-04T22:15:34.342103,5.9,6.97,5.6,0.00,11277,34.6,95,64,718,4.4,0,34,
2026-01-04T22:15:37.482678,5.8,6.94,5.6,0.00,11277,34.6,96,64,718,4.4,0,34,
2026-01-04T22:15:40.625837,5.0,6.94,5.6,0.00,11277,34.6,96,65,718,4.4,0,34,
2026-01-04T22:15:43.767450,4.6,6.94,5.6,0.00,11277,34.6,95,66,718,4.4,0,34,
2026-01-04T22:15:46.909459,4.6,6.94,5.6,0.00,11277,34.6,96,66,718,4.4,0,34,
2026-01-04T22:15:50.052028,5.0,6.91,5.6,0.00,11277,34.6,96,66,718,4.4,0,34,
2026-01-04T22:15:53.186135,5.0,6.91,5.6,0.00,11287,34.6,96,67,718,4.4,0,34,
2026-01-04T22:15:56.328913,5.9,6.93,5.6,0.00,11277,34.6,96,67,718,4.4,0,34,
2026-01-04T22:15:59.470227,5.4,6.92,5.6,0.00,11277,34.6,95,68,718,4.4,0,34,
2026-01-04T22:16:02.611633,5.0,6.92,5.6,0.00,11277,34.6,95,68,718,4.4,0,34,
2026-01-04T22:16:05.754747,5.0,6.93,5.6,0.00,11277,34.6,96,69,718,4.4,0,33,
2026-01-04T22:16:08.896300,5.4,6.95,5.6,0.00,11277,34.6,96,69,718,4.4,0,33,
2026-01-04T22:16:12.039744,5.4,6.94,5.6,0.00,11277,34.6,95,69,718,4.4,0,33,
2026-01-04T22:16:15.169628,5.0,6.95,5.6,0.00,11277,34.6,96,69,718,4.4,0,33,
2026-01-04T22:16:18.311495,5.4,6.96,5.6,0.00,11277,34.6,95,70,718,4.4,0,33,
2026-01-04T22:16:21.451472,5.0,6.97,5.6,0.00,11277,34.6,96,70,718,4.4,0,33,
2026-01-04T22:16:24.592696,5.0,6.97,5.6,0.00,11287,34.6,96,70,718,4.4,0,33,
2026-01-04T22:16:27.734840,4.6,6.97,5.6,0.00,11287,34.6,96,70,718,4.4,0,33,
2026-01-04T22:16:30.877108,5.0,6.96,5.6,0.00,11287,34.6,96,71,718,4.4,0,33,
2026-01-04T22:16:34.019635,5.4,6.95,5.6,0.00,11287,34.6,95,71,718,4.4,0,33,
2026-01-04T22:16:37.162590,5.0,6.90,5.6,0.00,11277,34.6,95,71,718,4.4,0,33,
2026-01-04T22:16:40.304710,5.8,6.94,5.6,0.00,11277,34.6,96,71,718,4.4,0,33,
2026-01-04T22:16:43.441547,5.4,6.92,5.6,0.00,11277,34.6,95,72,718,4.4,0,32,
2026-01-04T22:16:46.583994,4.6,6.93,5.6,0.00,11277,34.6,96,72,718,4.4,0,32,
2026-01-04T22:16:49.726334,5.0,6.96,5.6,0.00,11277,34.6,96,72,718,4.4,0,32,
2026-01-04T22:16:52.868764,5.0,6.95,5.6,0.00,11287,34.6,96,72,718,4.4,0,32,
2026-01-04T22:16:56.011231,4.6,6.94,5.6,0.00,11277,34.6,90,71,718,4.4,0,32,
2026-01-04T22:16:59.152645,4.2,6.94,5.6,0.00,11277,34.6,90,71,718,4.4,0,32,
2026-01-04T22:17:02.294498,4.6,6.95,5.6,0.00,11277,34.6,90,71,718,4.4,0,32,
2026-01-04T22:17:05.432632,5.4,6.93,5.6,0.00,11277,34.6,90,71,718,4.4,0,32,
2026-01-04T22:17:08.573773,5.4,6.92,5.6,0.00,11277,34.6,90,71,718,4.4,0,32,
2026-01-04T22:17:11.714254,5.4,6.94,5.6,0.00,11277,34.6,90,71,718,4.4,0,32,
2026-01-04T22:17:14.855921,4.6,6.94,5.6,0.00,11277,34.6,90,71,718,4.4,0,32,
2026-01-04T22:17:17.999754,5.4,6.94,5.6,0.00,11277,34.6,89,71,718,4.4,0,32,
2026-01-04T22:17:21.142190,5.0,6.95,5.6,0.00,11277,34.6,91,71,718,4.4,0,32,
2026-01-04T22:17:24.284223,4.6,6.94,5.6,0.00,11277,34.6,90,71,718,4.4,0,32,
2026-01-04T22:17:27.430826,5.0,6.96,5.6,0.00,11277,34.6,90,71,718,4.4,0,32,
2026-01-04T22:17:30.572851,4.6,6.97,5.6,0.00,11277,34.6,90,71,718,4.4,0,32,
2026-01-04T22:17:33.703609,4.6,6.98,5.7,0.00,11277,34.6,90,71,718,4.4,0,31,
2026-01-04T22:17:36.844928,5.0,6.97,5.6,0.00,11277,34.6,90,71,718,4.4,0,31,
2026-01-04T22:17:39.988313,4.6,6.96,5.6,0.00,11277,34.6,90,71,718,4.4,0,31,
2026-01-04T22:17:43.131074,5.4,6.95,5.6,0.00,11277,34.6,90,71,718,4.4,0,31,
2026-01-04T22:17:46.273035,5.4,6.96,5.6,0.00,11277,34.6,90,71,718,4.4,0,31,
2026-01-04T22:17:49.416750,4.6,6.98,5.7,0.00,11277,34.6,90,71,718,4.4,0,31,
2026-01-04T22:17:52.557455,4.2,6.97,5.6,0.00,11277,34.6,90,71,718,4.4,0,31,
2026-01-04T22:17:55.686777,4.2,6.94,5.6,0.00,11277,34.6,90,71,718,4.4,0,31,
2026-01-04T22:17:58.828389,4.6,6.96,5.6,0.00,11277,34.6,90,71,718,4.4,0,31,
2026-01-04T22:18:01.964598,5.4,6.95,5.6,0.00,11277,34.6,90,71,718,4.4,0,31,
2026-01-04T22:18:05.105899,5.0,6.95,5.6,0.00,11277,34.6,90,71,718,4.4,0,31,
2026-01-04T22:18:08.248359,5.0,6.96,5.6,0.00,11277,34.6,90,71,718,4.4,0,31,
2026-01-04T22:18:11.392900,6.2,6.96,5.6,0.00,11277,34.6,91,71,718,4.4,0,31,
2026-01-04T22:18:14.533902,4.2,6.96,5.6,0.00,11277,34.6,90,72,718,4.4,0,31,
2026-01-04T22:18:17.675262,5.0,6.97,5.6,0.00,11277,34.6,90,72,718,4.4,0,31,
2026-01-04T22:18:20.819055,5.4,6.95,5.6,0.00,11277,34.6,90,71,718,4.4,0,31,
2026-01-04T22:18:23.951274,4.6,6.96,5.6,0.00,11277,34.6,90,71,718,4.4,0,31,
2026-01-04T22:18:27.092432,5.0,6.97,5.6,0.00,11277,34.6,90,72,718,4.4,0,31,
2026-01-04T22:18:30.235146,5.0,6.97,5.6,0.00,11277,34.6,90,72,718,4.4,0,31,
2026-01-04T22:18:33.377036,5.8,6.98,5.7,0.00,11277,34.6,90,72,718,4.4,0,31,
2026-01-04T22:18:36.517602,4.6,6.98,5.7,0.00,11277,34.6,90,72,718,4.4,0,31,
2026-01-04T22:18:39.659205,5.4,6.98,5.7,0.00,11277,34.6,90,72,718,4.4,0,31,
2026-01-04T22:18:42.801029,5.8,6.97,5.6,0.00,11277,34.6,90,72,718,4.4,0,31,
2026-01-04T22:18:45.934914,5.0,6.93,5.6,0.00,11277,34.6,90,72,718,4.4,0,31,
2026-01-04T22:18:49.077228,5.0,6.92,5.6,0.00,11277,34.6,90,72,718,4.4,0,31,
2026-01-04T22:18:52.212448,4.6,6.97,5.6,0.00,11277,34.6,90,72,718,4.4,0,31,
2026-01-04T22:18:55.354876,6.2,6.95,5.6,0.00,11277,34.6,90,72,718,4.4,0,31,
2026-01-04T22:18:58.495916,5.0,6.94,5.6,0.00,11277,34.6,90,72,718,4.4,0,31,
2026-01-04T22:19:01.637189,5.4,6.97,5.6,0.00,11249,34.5,90,72,718,4.4,0,31,
2026-01-04T22:19:04.780691,5.0,6.97,5.6,0.00,11249,34.5,90,72,718,4.4,0,31,
2026-01-04T22:19:07.922569,5.0,6.97,5.6,0.00,11249,34.5,90,72,718,4.4,0,31,
2026-01-04T22:19:11.065316,5.0,6.98,5.7,0.00,11249,34.5,90,72,718,4.4,0,31,
2026-01-04T22:19:14.199838,4.6,6.97,5.6,0.00,11249,34.5,89,72,718,4.4,0,31,
2026-01-04T22:19:17.341691,5.8,6.95,5.6,0.00,11258,34.5,29,72,718,4.4,0,31,
2026-01-04T22:19:20.482424,4.6,6.97,5.6,0.00,11258,34.5,90,72,718,4.4,0,31,
2026-01-04T22:19:23.622931,4.6,6.99,5.7,0.00,11258,34.5,90,72,718,4.4,0,31,
2026-01-04T22:19:26.763277,5.0,7.01,5.7,0.00,11258,34.5,90,72,718,4.4,0,31,
2026-01-04T22:19:29.906060,4.2,6.99,5.7,0.00,11258,34.5,90,72,718,4.4,0,31,
2026-01-04T22:19:33.047887,5.4,6.99,5.7,0.00,11258,34.5,90,72,718,4.4,0,31,
2026-01-04T22:19:36.191011,5.0,6.98,5.7,0.00,11258,34.5,90,72,718,4.4,0,31,
2026-01-04T22:19:39.333512,5.8,7.01,5.7,0.00,11258,34.5,90,72,718,4.4,0,31,
2026-01-04T22:19:42.463627,5.4,6.99,5.7,0.00,11258,34.5,90,72,718,4.4,0,31,
2026-01-04T22:19:45.604123,5.0,6.99,5.7,0.00,11258,34.5,90,72,718,4.4,0,31,
2026-01-04T22:19:48.746341,4.6,6.99,5.7,0.00,11260,34.5,12,72,718,4.4,0,31,
2026-01-04T22:19:51.887040,4.2,7.00,5.7,0.00,11260,34.5,89,72,718,4.4,0,31,
2026-01-04T22:19:55.028401,5.0,6.98,5.7,0.00,11260,34.5,90,72,718,4.4,0,31,
2026-01-04T22:19:58.168789,5.8,7.02,5.7,0.00,11260,34.5,90,72,718,4.4,0,31,
2026-01-04T22:20:01.311072,5.8,7.01,5.7,0.00,11260,34.5,89,72,718,4.4,0,31,
2026-01-04T22:20:04.440644,5.0,6.97,5.6,0.00,11260,34.5,90,72,718,4.4,0,31,
2026-01-04T22:20:07.580827,5.0,6.98,5.7,0.00,11260,34.5,90,72,718,4.4,0,31,
2026-01-04T22:20:10.724140,5.4,6.98,5.7,0.00,11260,34.5,90,72,718,4.4,0,31,
2026-01-04T22:20:13.866716,5.8,6.98,5.7,0.00,11260,34.5,89,72,718,4.4,0,31,
2026-01-04T22:20:17.008659,4.6,6.97,5.6,0.00,11260,34.5,89,72,718,4.4,0,31,
2026-01-04T22:20:20.149347,5.0,7.01,5.7,0.00,11260,34.5,90,73,718,4.4,0,31,
2026-01-04T22:20:23.290375,4.2,7.00,5.7,0.00,11260,34.5,90,77,718,4.4,0,31,
2026-01-04T22:20:26.440075,4.6,7.02,5.7,0.00,11260,34.5,90,73,718,4.4,0,31,
2026-01-04T22:20:29.581103,5.0,7.01,5.7,0.00,11260,34.5,90,73,718,4.4,0,31,
2026-01-04T22:20:32.716701,4.6,7.03,5.7,0.00,11260,34.5,90,73,718,4.4,0,31,
2026-01-04T22:20:35.858389,4.6,7.04,5.7,0.00,11260,34.5,90,72,718,4.4,0,31,
2026-01-04T22:20:39.000049,5.0,7.01,5.7,0.00,11260,34.5,90,73,718,4.4,0,31,
2026-01-04T22:20:42.144184,5.0,7.04,5.7,0.00,11260,34.5,90,73,718,4.4,0,31,
2026-01-04T22:20:45.290773,4.2,7.03,5.7,0.00,11260,34.5,90,72,718,4.4,0,31,
2026-01-04T22:20:48.438609,5.4,7.04,5.7,0.00,11260,34.5,61,70,718,4.4,0,31,
2026-01-04T22:20:51.579679,5.8,7.07,5.7,0.00,11260,34.5,90,72,718,4.4,0,31,
2026-01-04T22:20:54.709768,5.0,7.03,5.7,0.00,11260,34.5,90,72,718,4.4,0,31,
2026-01-04T22:20:57.851434,5.0,7.04,5.7,0.00,11260,34.5,90,72,718,4.4,0,30,
2026-01-04T22:21:00.993194,5.4,7.05,5.7,0.00,11260,34.5,90,72,718,4.4,0,30,
2026-01-04T22:21:04.135657,4.6,7.04,5.7,0.00,11260,34.5,90,73,718,4.4,0,30,
2026-01-04T22:21:07.278184,5.0,7.03,5.7,0.00,11260,34.5,90,73,718,4.4,0,31,
2026-01-04T22:21:10.425239,5.4,7.05,5.7,0.00,11260,34.5,90,73,718,4.4,0,31,
2026-01-04T22:21:13.565903,5.0,7.07,5.7,0.00,11260,34.5,90,73,718,4.4,0,31,
2026-01-04T22:21:16.707016,5.0,7.05,5.7,0.00,11260,34.5,90,73,718,4.4,0,31,
2026-01-04T22:21:19.848314,4.6,7.04,5.7,0.00,11260,34.5,90,73,718,4.4,0,31,
2026-01-04T22:21:22.983036,5.4,7.05,5.7,0.00,11260,34.5,90,73,718,4.4,0,30,
2026-01-04T22:21:26.125445,5.0,7.05,5.7,0.00,11260,34.5,90,73,718,4.4,0,30,
2026-01-04T22:21:29.266567,5.8,7.08,5.7,0.00,11260,34.5,90,73,718,4.4,0,30,
2026-01-04T22:21:32.407885,5.0,7.06,5.7,0.00,11260,34.5,90,73,718,4.4,0,30,
2026-01-04T22:21:35.549902,4.6,7.07,5.7,0.00,11260,34.5,90,73,718,4.4,0,30,
2026-01-04T22:21:38.691693,5.0,7.06,5.7,0.00,11260,34.5,90,73,718,4.4,0,30,
2026-01-04T22:21:41.832854,4.6,7.05,5.7,0.00,11260,34.5,90,73,718,4.4,0,30,
2026-01-04T22:21:44.963319,4.2,7.05,5.7,0.00,11260,34.5,91,73,718,4.4,0,30,
2026-01-04T22:21:48.102767,5.0,7.07,5.7,0.00,11260,34.5,90,74,718,4.4,0,30,
2026-01-04T22:21:51.244314,5.4,7.05,5.7,0.00,11260,34.5,90,73,718,4.4,0,30,
2026-01-04T22:21:54.387072,6.6,7.07,5.7,0.00,11260,34.5,90,73,718,4.4,0,30,
2026-01-04T22:21:57.529733,4.6,7.08,5.7,0.00,11260,34.5,90,73,718,4.4,0,30,
2026-01-04T22:22:00.670102,4.2,7.07,5.7,0.00,11260,34.5,90,73,718,4.4,0,30,
2026-01-04T22:22:03.811246,5.0,7.07,5.7,0.00,11260,34.5,89,73,718,4.4,0,30,
2026-01-04T22:22:06.952891,4.6,7.05,5.7,0.00,11260,34.5,90,73,718,4.4,0,30,
2026-01-04T22:22:10.094891,5.4,7.06,5.7,0.00,11260,34.5,90,73,718,4.4,0,30,
2026-01-04T22:22:13.229550,5.4,7.06,5.7,0.00,11260,34.5,90,73,718,4.4,0,30,
2026-01-04T22:22:16.371704,5.8,7.07,5.7,0.00,11260,34.5,90,73,718,4.4,0,30,
2026-01-04T22:22:19.510832,5.0,7.08,5.7,0.00,11260,34.5,89,73,718,4.4,0,30,
2026-01-04T22:22:22.651648,5.0,7.06,5.7,0.00,11260,34.5,90,73,718,4.4,0,30,
2026-01-04T22:22:25.792774,5.4,7.07,5.7,0.00,11260,34.5,90,73,718,4.4,0,30,
2026-01-04T22:22:28.935034,5.4,7.08,5.7,0.00,11260,34.5,90,73,718,4.4,0,30,
2026-01-04T22:22:32.076675,5.0,7.08,5.7,0.00,11260,34.5,90,73,718,4.4,0,30,
2026-01-04T22:22:35.207740,5.4,7.08,5.7,0.00,11260,34.5,90,73,718,4.4,0,30,
2026-01-04T22:22:38.350906,5.4,7.08,5.7,0.00,11260,34.5,90,73,718,4.4,0,30,
2026-01-04T22:22:41.485787,4.6,7.08,5.7,0.00,11260,34.5,90,73,718,4.4,0,30,
2026-01-04T22:22:44.625898,5.0,7.08,5.7,0.00,11260,34.5,90,73,718,4.4,0,30,
2026-01-04T22:22:47.768411,5.0,7.07,5.7,0.00,11260,34.5,90,73,718,4.4,0,30,
2026-01-04T22:22:50.910316,4.6,7.05,5.7,0.00,11260,34.5,90,73,718,4.4,0,30,
2026-01-04T22:22:54.052017,5.0,7.05,5.7,0.00,11260,34.5,90,73,718,4.4,0,30,
2026-01-04T22:22:57.193511,1.7,7.06,5.7,0.00,11270,34.6,90,73,718,4.4,0,30,
2026-01-04T22:23:00.335696,6.2,7.09,5.7,0.00,11260,34.5,90,73,718,4.4,0,30,
2026-01-04T22:23:03.464697,5.0,7.09,5.7,0.00,11260,34.5,90,73,718,4.4,0,30,
2026-01-04T22:23:06.607019,5.4,7.08,5.7,0.00,11260,34.5,90,73,718,4.4,0,30,
2026-01-04T22:23:09.747709,5.4,7.09,5.7,0.00,11260,34.5,90,73,718,4.4,0,30,
2026-01-04T22:23:12.889392,4.6,7.10,5.8,0.00,11260,34.5,90,73,718,4.4,0,30,
2026-01-04T22:23:16.029668,5.0,7.09,5.7,0.00,11260,34.5,90,73,718,4.4,0,30,
2026-01-04T22:23:19.171947,5.0,7.09,5.7,0.00,11260,34.5,90,73,718,4.4,0,30,
2026-01-04T22:23:22.313519,6.6,7.09,5.7,0.00,11260,34.5,89,73,718,4.4,0,30,
2026-01-04T22:23:25.444281,5.0,7.09,5.7,0.00,11260,34.5,90,73,718,4.4,0,30,
2026-01-04T22:23:28.586737,5.0,7.09,5.7,0.00,11260,34.5,89,73,718,4.4,0,30,
2026-01-04T22:23:31.722048,1.2,7.09,5.7,0.00,11260,34.5,90,73,718,4.4,0,30,
2026-01-04T22:23:34.864503,5.0,7.08,5.7,0.00,11260,34.5,90,73,718,4.4,0,30,
2026-01-04T22:23:38.007191,5.4,7.11,5.8,0.00,11260,34.5,59,68,718,4.4,0,30,
2026-01-04T22:23:41.149513,5.4,7.11,5.8,0.00,11260,34.5,90,73,718,4.4,0,30,
2026-01-04T22:23:44.292246,5.4,7.10,5.8,0.00,11260,34.5,90,72,718,4.4,0,30,
2026-01-04T22:23:47.440861,4.6,7.10,5.7,0.00,11260,34.5,90,73,718,4.4,0,30,
2026-01-04T22:23:50.581819,4.6,7.11,5.8,0.00,11260,34.5,90,73,718,4.4,0,30,
2026-01-04T22:23:53.710963,4.6,7.12,5.8,0.00,11260,34.5,90,73,718,4.4,0,30,
2026-01-04T22:23:56.852569,4.2,7.12,5.8,0.00,11260,34.5,90,73,718,4.4,0,30,
2026-01-04T22:23:59.996115,5.4,7.11,5.8,0.00,11260,34.5,90,73,718,4.4,0,30,
2026-01-04T22:24:03.138177,4.6,7.12,5.8,0.00,11260,34.5,90,73,718,4.4,0,30,
2026-01-04T22:24:06.279387,5.8,7.11,5.8,0.00,11260,34.5,90,73,718,4.4,0,30,
2026-01-04T22:24:09.435020,5.0,7.13,5.8,0.00,11260,34.5,90,73,718,4.4,0,30,
2026-01-04T22:24:12.575954,5.0,7.12,5.8,0.00,11260,34.5,89,73,718,4.4,0,30,
2026-01-04T22:24:15.717276,4.6,7.13,5.8,0.00,11260,34.5,90,73,718,4.4,0,30,
2026-01-04T22:24:18.858917,4.2,7.11,5.8,0.00,11260,34.5,90,73,718,4.4,0,30,
2026-01-04T22:24:21.994101,5.8,7.13,5.8,0.00,11270,34.6,90,73,718,4.4,0,30,
2026-01-04T22:24:25.135878,5.0,7.12,5.8,0.00,11260,34.5,90,73,718,4.4,0,30,
2026-01-04T22:24:28.279167,5.0,7.14,5.8,0.00,11260,34.5,90,73,718,4.4,0,30,
2026-01-04T22:24:31.425716,5.0,7.14,5.8,0.00,11260,34.5,90,73,718,4.4,0,30,
2026-01-04T22:24:34.567337,5.8,7.12,5.8,0.00,11260,34.5,90,73,718,4.4,0,30,
2026-01-04T22:24:37.709993,5.0,7.11,5.8,0.00,11262,34.5,77,73,718,4.4,0,30,
2026-01-04T22:24:40.851774,5.4,7.11,5.8,0.00,11262,34.5,90,73,718,4.4,0,30,
2026-01-04T22:24:43.981580,5.8,7.11,5.8,0.00,11262,34.5,90,73,718,4.4,0,30,
2026-01-04T22:24:47.122883,5.4,7.13,5.8,0.00,11262,34.5,90,73,718,4.4,0,30,
2026-01-04T22:24:50.265368,5.0,7.12,5.8,0.00,11262,34.5,97,78,718,4.4,0,30,
2026-01-04T22:24:53.413929,5.0,7.13,5.8,0.00,11262,34.5,90,73,718,4.4,0,30,
2026-01-04T22:24:56.558423,4.2,7.12,5.8,0.00,11262,34.5,90,73,718,4.4,0,30,
2026-01-04T22:24:59.701160,4.6,7.12,5.8,0.00,11262,34.5,90,73,718,4.4,0,30,
2026-01-04T22:25:02.842903,5.0,7.11,5.8,0.00,11262,34.5,90,73,718,4.4,0,30,
2026-01-04T22:25:05.984315,4.2,7.12,5.8,0.00,11262,34.5,90,73,718,4.4,0,30,
2026-01-04T22:25:09.125944,5.4,7.14,5.8,0.00,11262,34.5,90,73,718,4.4,0,30,
2026-01-04T22:25:12.259797,5.0,7.18,5.8,0.00,11262,34.5,90,73,718,4.4,0,30,
2026-01-04T22:25:15.400918,5.0,7.18,5.8,0.00,11262,34.5,90,73,718,4.4,0,30,
2026-01-04T22:25:18.540720,5.0,7.19,5.8,0.00,11262,34.5,90,73,718,4.4,0,30,
2026-01-04T22:25:21.681366,5.4,7.17,5.8,0.00,11262,34.5,90,73,718,4.4,0,30,
2026-01-04T22:25:24.822987,5.0,7.16,5.8,0.00,11262,34.5,90,73,718,4.4,0,30,
2026-01-04T22:25:27.965216,5.0,7.15,5.8,0.00,11262,34.5,90,73,718,4.4,0,30,
2026-01-04T22:25:31.111881,5.4,7.16,5.8,0.00,11262,34.5,90,73,718,4.4,0,30,
2026-01-04T22:25:34.247246,4.6,7.15,5.8,0.00,11262,34.5,90,73,718,4.4,0,30,
2026-01-04T22:25:37.389919,6.6,7.17,5.8,0.00,11262,34.5,90,73,718,4.4,0,30,
2026-01-04T22:25:40.530539,5.0,7.18,5.8,0.00,11272,34.6,90,73,718,4.4,0,30,
2026-01-04T22:25:43.671194,5.0,7.18,5.8,0.00,11262,34.5,90,73,718,4.4,0,30,
2026-01-04T22:25:46.813809,4.6,7.18,5.8,0.00,11262,34.5,95,74,718,4.4,0,30,
2026-01-04T22:25:49.953973,5.4,7.19,5.8,0.00,11262,34.5,90,73,718,4.4,0,30,
2026-01-04T22:25:53.095441,4.6,7.20,5.8,0.00,11262,34.5,90,73,718,4.4,0,30,
2026-01-04T22:25:56.237471,5.0,7.18,5.8,0.00,11262,34.5,90,73,718,4.4,0,30,
2026-01-04T22:25:59.380143,5.8,7.16,5.8,0.00,11262,34.5,90,74,718,4.4,0,30,
2026-01-04T22:26:02.509830,4.6,7.16,5.8,0.00,11262,34.5,90,73,718,4.4,0,30,
2026-01-04T22:26:05.651054,8.3,7.30,5.9,0.00,11262,34.5,90,73,718,4.4,0,30,
2026-01-04T22:26:08.791409,4.2,7.28,5.9,0.00,11262,34.5,98,78,718,4.4,0,30,
2026-01-04T22:26:11.931488,4.6,7.28,5.9,0.00,11262,34.5,90,73,718,4.4,0,30,
2026-01-04T22:26:15.073601,5.0,7.28,5.9,0.00,11262,34.5,90,73,718,4.4,0,30,
2026-01-04T22:26:18.215508,5.4,7.15,5.8,0.00,11262,34.5,90,73,718,4.4,0,30,
2026-01-04T22:26:21.357862,5.4,7.18,5.8,0.00,11262,34.5,90,73,718,4.4,0,30,
2026-01-04T22:26:24.486925,5.4,7.17,5.8,0.00,11262,34.5,89,73,718,4.4,0,30,
2026-01-04T22:26:27.629008,5.4,7.16,5.8,0.00,11272,34.6,90,73,718,4.4,0,30,
2026-01-04T22:26:30.770976,5.0,7.19,5.8,0.00,11262,34.5,90,73,718,4.4,0,30,
2026-01-04T22:26:33.915276,5.0,7.19,5.8,0.00,11262,34.5,90,73,718,4.4,0,30,
2026-01-04T22:26:37.057120,5.4,7.21,5.8,0.00,11262,34.5,90,73,718,4.4,0,30,
2026-01-04T22:26:40.199624,4.6,7.19,5.8,0.00,11262,34.5,90,73,718,4.4,0,30,
2026-01-04T22:26:43.343902,5.0,7.22,5.8,0.00,11262,34.5,90,73,718,4.4,0,30,
2026-01-04T22:26:46.484686,5.0,7.20,5.8,0.00,11262,34.5,90,73,718,4.4,0,30,
2026-01-04T22:26:49.626535,5.0,7.19,5.8,0.00,11262,34.5,89,73,718,4.4,0,30,
2026-01-04T22:26:52.756084,4.2,7.19,5.8,0.00,11262,34.5,90,73,718,4.4,0,30,
2026-01-04T22:26:55.899132,5.0,7.19,5.8,0.00,11262,34.5,90,73,718,4.4,0,30,
2026-01-04T22:26:59.041327,5.8,7.18,5.8,0.00,11262,34.5,90,73,718,4.4,0,30,
2026-01-04T22:27:02.184098,4.6,7.17,5.8,0.00,11262,34.5,90,73,718,4.4,0,30,
2026-01-04T22:27:05.327304,5.8,7.20,5.8,0.00,11262,34.5,90,73,718,4.4,0,30,
2026-01-04T22:27:08.469379,5.4,7.20,5.8,0.00,11262,34.5,89,73,718,4.4,0,30,
2026-01-04T22:27:11.610243,4.6,7.21,5.8,0.00,11262,34.5,89,73,718,4.4,0,30,
2026-01-04T22:27:14.738508,5.4,7.19,5.8,0.00,11262,34.5,90,73,718,4.4,0,30,
2026-01-04T22:27:17.881896,5.0,7.17,5.8,0.00,11262,34.5,90,73,718,4.4,0,30,
2026-01-04T22:27:21.023254,4.2,7.17,5.8,0.00,11262,34.5,90,73,718,4.4,0,30,
2026-01-04T22:27:24.164831,5.0,7.19,5.8,0.00,11262,34.5,90,73,718,4.4,0,30,
2026-01-04T22:27:27.308630,5.4,7.19,5.8,0.00,11262,34.5,90,73,718,4.4,0,30,
2026-01-04T22:27:30.453814,4.2,7.16,5.8,0.00,11262,34.5,90,73,718,4.4,0,30,
2026-01-04T22:27:33.596467,5.4,7.18,5.8,0.00,11262,34.5,89,73,718,4.4,0,30,
2026-01-04T22:27:36.738823,4.6,7.18,5.8,0.00,11262,34.5,89,73,718,4.4,0,30,
2026-01-04T22:27:39.881311,5.0,7.17,5.8,0.00,11262,34.5,90,73,718,4.4,0,30,
2026-01-04T22:27:43.016170,5.0,7.17,5.8,0.00,11262,34.5,90,73,718,4.4,0,30,
2026-01-04T22:27:46.158240,5.0,7.17,5.8,0.00,11262,34.5,90,72,718,4.4,0,30,
2026-01-04T22:27:49.300325,5.8,7.19,5.8,0.00,11262,34.5,90,73,718,4.4,0,30,
2026-01-04T22:27:52.445315,5.4,7.18,5.8,0.00,11262,34.5,90,73,718,4.4,0,30,
2026-01-04T22:27:55.586452,4.6,7.18,5.8,0.00,11262,34.5,90,73,718,4.4,0,30,
2026-01-04T22:27:58.729868,5.4,7.19,5.8,0.00,11262,34.5,71,74,718,4.4,0,30,
2026-01-04T22:28:01.871498,4.2,7.18,5.8,0.00,11262,34.5,90,73,718,4.4,0,30,
2026-01-04T22:28:05.003194,4.6,7.18,5.8,0.00,11262,34.5,90,73,718,4.4,0,30,
2026-01-04T22:28:08.145776,5.0,7.19,5.8,0.00,11262,34.5,90,73,718,4.4,0,30,
2026-01-04T22:28:11.281343,5.4,7.20,5.8,0.00,11262,34.5,89,73,718,4.4,0,30,
2026-01-04T22:28:14.427490,5.0,7.16,5.8,0.00,11262,34.5,90,73,718,4.4,0,30,
2026-01-04T22:28:17.569121,4.6,7.19,5.8,0.00,11262,34.5,90,73,718,4.4,0,30,
2026-01-04T22:28:20.711569,5.0,7.18,5.8,0.00,11262,34.5,90,73,718,4.4,0,30,
2026-01-04T22:28:23.853414,5.0,7.16,5.8,0.00,11262,34.5,60,75,718,4.4,0,30,
2026-01-04T22:28:26.994945,4.6,7.19,5.8,0.00,11262,34.5,90,73,718,4.4,0,30,
2026-01-04T22:28:30.136962,5.0,7.16,5.8,0.00,11262,34.5,89,73,718,4.4,0,30,
2026-01-04T22:28:33.269428,4.6,7.20,5.8,0.00,11262,34.5,90,73,718,4.4,0,30,
2026-01-04T22:28:36.412553,5.4,7.19,5.8,0.00,11262,34.5,90,73,718,4.4,0,30,
2026-01-04T22:28:39.552765,5.4,7.20,5.8,0.00,11262,34.5,62,73,718,4.4,0,30,
2026-01-04T22:28:42.697398,4.6,7.20,5.8,0.00,11262,34.5,90,73,718,4.4,0,30,
2026-01-04T22:28:45.838360,4.6,7.21,5.8,0.00,11262,34.5,90,73,718,4.4,0,30,
2026-01-04T22:28:48.980326,5.0,7.20,5.8,0.00,11262,34.5,90,73,718,4.4,0,30,
2026-01-04T22:28:52.123662,4.6,7.20,5.8,0.00,11262,34.5,90,73,718,4.4,0,30,
2026-01-04T22:28:55.266956,4.6,7.18,5.8,0.00,11262,34.5,90,73,718,4.4,0,30,
2026-01-04T22:28:58.410771,5.4,7.21,5.8,0.00,11262,34.5,90,73,718,4.4,0,30,
2026-01-04T22:29:01.539820,5.0,7.21,5.8,0.00,11262,34.5,90,73,718,4.4,0,30,
2026-01-04T22:29:04.681211,5.4,7.19,5.8,0.00,11250,34.5,90,73,718,4.4,0,30,
2026-01-04T22:29:07.822522,4.6,7.21,5.8,0.00,11250,34.5,90,73,718,4.4,0,30,
2026-01-04T22:29:10.964757,4.6,7.19,5.8,0.00,11250,34.5,90,73,718,4.4,0,30,
2026-01-04T22:29:14.108753,5.4,7.19,5.8,0.00,11250,34.5,90,73,718,4.4,0,30,
2026-01-04T22:29:17.250284,5.0,7.19,5.8,0.00,11250,34.5,90,73,718,4.4,0,30,
2026-01-04T22:29:20.392756,5.8,7.23,5.9,0.00,11250,34.5,90,73,718,4.4,0,30,
2026-01-04T22:29:23.521266,5.4,7.20,5.8,0.00,11250,34.5,90,73,718,4.4,0,30,
2026-01-04T22:29:26.664271,4.6,7.22,5.9,0.00,11260,34.5,90,73,718,4.4,0,30,
2026-01-04T22:29:29.805525,4.2,7.23,5.9,0.00,11250,34.5,90,73,718,4.4,0,30,
2026-01-04T22:29:32.947428,4.6,7.21,5.8,0.00,11250,34.5,90,73,718,4.4,0,30,
2026-01-04T22:29:36.092127,4.6,7.20,5.8,0.00,11250,34.5,90,73,718,4.4,0,30,
2026-01-04T22:29:39.234266,5.4,7.19,5.8,0.00,11250,34.5,90,73,718,4.4,0,30,
2026-01-04T22:29:42.376306,6.3,7.20,5.8,0.00,11250,34.5,89,73,718,4.4,0,30,
2026-01-04T22:29:45.517597,4.6,7.21,5.8,0.00,11260,34.5,90,73,718,4.4,0,30,
2026-01-04T22:29:48.659204,5.4,7.21,5.8,0.00,11250,34.5,90,73,718,4.4,0,30,
2026-01-04T22:29:51.794005,4.1,7.20,5.8,0.00,11250,34.5,90,73,638,3.9,0,30,
2026-01-04T22:29:54.925857,1.3,7.19,5.8,0.00,11250,34.5,0,60,630,3.9,0,30,
2026-01-04T22:29:58.065930,0.0,7.22,5.8,0.00,11250,34.5,0,58,630,3.9,0,30,
2026-01-04T22:30:01.202549,0.4,7.20,5.8,0.00,11250,34.5,0,57,630,3.9,0,30,
2026-01-04T22:30:04.340069,0.8,5.75,4.7,0.00,11250,34.5,0,56,18,0.1,0,31,
2026-01-04T22:30:07.476186,0.0,5.82,4.7,0.00,11263,34.5,0,55,18,0.1,0,30,
2026-01-04T22:30:10.616314,0.0,5.85,4.7,0.00,11263,34.5,0,54,18,0.1,0,30,
2026-01-04T22:30:13.743726,0.0,5.87,4.8,0.00,11263,34.5,0,54,18,0.1,0,30,
2026-01-04T22:30:16.881838,0.0,5.83,4.7,0.00,11263,34.5,0,53,18,0.1,0,31,
2026-01-04T22:30:20.020359,1.3,5.80,4.7,0.00,11273,34.6,0,52,18,0.1,0,31,
2026-01-04T22:30:23.159000,0.8,5.79,4.7,0.00,11273,34.6,0,50,18,0.1,0,31,
2026-01-04T22:30:26.302116,0.0,5.80,4.7,0.00,11273,34.6,0,49,18,0.1,0,31,
2026-01-04T22:30:29.446815,0.4,5.76,4.7,0.00,11273,34.6,0,49,18,0.1,0,31,
2026-01-04T22:30:32.588802,1.2,5.77,4.7,0.00,11273,34.6,0,48,18,0.1,0,31,
2026-01-04T22:30:35.730792,0.4,5.77,4.7,0.00,11273,34.6,0,48,18,0.1,0,31,
2026-01-04T22:30:38.873175,0.4,5.80,4.7,0.00,11273,34.6,0,47,18,0.1,0,31,
2026-01-04T22:30:42.009967,0.0,5.82,4.7,0.00,11273,34.6,0,47,18,0.1,0,31,
2026-01-04T22:30:45.153491,0.0,5.78,4.7,0.00,11273,34.6,0,46,18,0.1,0,31,
2026-01-04T22:30:48.295887,0.4,5.77,4.7,0.00,11273,34.6,0,46,18,0.1,0,31,
2026-01-04T22:30:51.444732,0.8,5.80,4.7,0.00,11273,34.6,0,45,18,0.1,0,31,
2026-01-04T22:30:54.587582,0.4,5.81,4.7,0.00,11273,34.6,0,45,18,0.1,0,31,
2026-01-04T22:30:57.729106,0.4,5.82,4.7,0.00,11273,34.6,0,45,18,0.1,0,31,
2026-01-04T22:31:00.871946,0.0,5.80,4.7,0.00,11273,34.6,0,44,18,0.1,0,31,
2026-01-04T22:31:04.004414,0.0,5.79,4.7,0.00,11273,34.6,0,44,18,0.1,0,31,
2026-01-04T22:31:07.146263,0.0,5.82,4.7,0.00,11273,34.6,0,44,18,0.1,0,31,
2026-01-04T22:31:10.287586,0.4,5.82,4.7,0.00,11273,34.6,0,43,18,0.1,0,31,
2026-01-04T22:31:13.433555,18.4,5.75,4.7,0.00,11273,34.6,0,43,18,0.1,0,31,
2026-01-04T22:31:16.599279,2.9,6.60,5.4,0.00,11263,34.5,0,43,706,4.3,0,32,
2026-01-04T22:31:19.726035,22.5,7.30,5.9,0.00,11263,34.5,0,42,3008,18.5,97,42,
2026-01-04T22:31:22.856483,4.6,7.33,5.9,0.00,11263,34.5,0,42,3008,18.5,51,41,
2026-01-04T22:31:25.981833,4.2,7.32,5.9,0.00,11263,34.5,0,42,3008,18.5,68,42,
2026-01-04T22:31:29.107896,12.1,7.42,6.0,0.00,11263,34.5,0,41,3008,18.5,37,44,
2026-01-04T22:31:32.238115,14.5,7.38,6.0,0.00,11273,34.6,0,41,3008,18.5,68,41,
2026-01-04T22:31:35.368649,4.6,7.33,5.9,0.00,11273,34.6,0,41,3008,18.5,89,48,
2026-01-04T22:31:38.492730,19.7,7.30,5.9,0.00,11273,34.6,0,41,3008,18.5,36,43,
2026-01-04T22:31:41.625817,17.6,7.26,5.9,0.00,11273,34.6,0,41,3008,18.5,74,47,
2026-01-04T22:31:44.754489,4.2,7.21,5.8,0.00,11273,34.6,0,41,3008,18.5,64,47,
2026-01-04T22:31:47.882464,10.4,7.42,6.0,0.00,11766,36.1,1,42,692,4.2,61,41,
2026-01-04T22:31:51.006119,8.3,7.53,6.1,0.00,11766,36.1,1,42,694,4.3,71,41,
2026-01-04T22:31:54.128774,9.6,7.51,6.1,0.00,11766,36.1,1,42,694,4.3,76,41,
2026-01-04T22:31:57.251639,9.5,7.51,6.1,0.00,11766,36.1,0,42,706,4.3,84,41,
2026-01-04T22:32:00.374169,4.6,7.56,6.1,0.00,11766,36.1,90,55,706,4.3,0,39,
2026-01-04T22:32:03.498554,5.4,7.57,6.1,0.00,11766,36.1,90,56,706,4.3,0,38,
2026-01-04T22:32:06.622659,5.4,7.55,6.1,0.00,11766,36.1,90,57,706,4.3,0,38,
2026-01-04T22:32:09.747732,5.0,7.56,6.1,0.00,11766,36.1,90,58,706,4.3,0,38,
2026-01-04T22:32:12.873128,5.0,7.57,6.1,0.00,11766,36.1,89,59,706,4.3,0,38,
2026-01-04T22:32:15.997655,4.2,7.57,6.1,0.00,11766,36.1,90,60,706,4.3,0,37,
2026-01-04T22:32:19.131920,5.0,7.57,6.1,0.00,11766,36.1,90,60,706,4.3,0,36,
2026-01-04T22:32:22.263392,4.6,7.55,6.1,0.00,11766,36.1,53,61,706,4.3,0,36,
2026-01-04T22:32:25.405496,5.8,7.55,6.1,0.00,11767,36.1,90,62,706,4.3,0,35,
2026-01-04T22:32:28.546702,4.2,7.57,6.1,0.00,11767,36.1,90,62,706,4.3,0,35,
2026-01-04T22:32:31.688409,5.0,7.58,6.1,0.00,11777,36.1,90,63,706,4.3,0,35,
2026-01-04T22:32:34.830240,5.4,7.55,6.1,0.00,11777,36.1,91,64,706,4.3,0,35,
2026-01-04T22:32:37.972310,4.2,7.56,6.1,0.00,11777,36.1,90,64,706,4.3,0,35,
2026-01-04T22:32:41.119236,5.8,7.56,6.1,0.00,11777,36.1,90,65,706,4.3,0,35,
2026-01-04T22:32:44.254290,5.0,7.56,6.1,0.00,11777,36.1,90,65,706,4.3,0,35,
2026-01-04T22:32:47.398484,5.8,7.56,6.1,0.00,11777,36.1,90,66,706,4.3,0,34,
2026-01-04T22:32:50.539110,5.4,7.56,6.1,0.00,11777,36.1,90,66,706,4.3,0,34,
2026-01-04T22:32:53.681047,4.2,7.55,6.1,0.00,11777,36.1,90,62,706,4.3,0,34,
2026-01-04T22:32:56.823220,4.6,7.53,6.1,0.00,11767,36.1,90,67,706,4.3,0,34,
2026-01-04T22:32:59.965045,5.4,7.52,6.1,0.00,11767,36.1,90,67,706,4.3,0,34,
2026-01-04T22:33:03.107219,5.4,7.54,6.1,0.00,11767,36.1,90,67,706,4.3,0,34,
2026-01-04T22:33:06.249893,4.2,7.52,6.1,0.00,11767,36.1,90,68,706,4.3,0,34,
2026-01-04T22:33:09.393194,5.0,7.53,6.1,0.00,11767,36.1,90,68,706,4.3,0,34,
2026-01-04T22:33:12.522756,4.2,7.53,6.1,0.00,11767,36.1,90,68,706,4.3,0,34,
2026-01-04T22:33:15.664325,4.6,7.53,6.1,0.00,11767,36.1,90,69,706,4.3,0,34,
2026-01-04T22:33:18.805664,4.6,7.54,6.1,0.00,11767,36.1,90,69,706,4.3,0,33,
2026-01-04T22:33:21.948776,5.0,7.55,6.1,0.00,11767,36.1,90,69,706,4.3,0,33,
2026-01-04T22:33:25.091215,5.4,7.55,6.1,0.00,11767,36.1,90,66,706,4.3,0,33,
2026-01-04T22:33:28.232878,5.0,7.55,6.1,0.00,11770,36.1,91,69,706,4.3,0,33,
2026-01-04T22:33:31.377189,5.4,7.55,6.1,0.00,11778,36.1,90,70,706,4.3,0,33,
2026-01-04T22:33:34.506744,5.4,7.55,6.1,0.00,11778,36.1,90,70,706,4.3,0,33,
2026-01-04T22:33:37.649793,5.0,7.59,6.1,0.00,11780,36.1,90,70,706,4.3,0,33,
2026-01-04T22:33:40.791308,5.4,7.64,6.2,0.00,11789,36.2,90,70,706,4.3,0,33,
2026-01-04T22:33:43.930823,5.4,7.67,6.2,0.00,11807,36.2,90,70,706,4.3,0,33,
2026-01-04T22:33:47.072672,4.6,7.75,6.3,0.00,11841,36.3,90,71,706,4.3,0,33,
2026-01-04T22:33:50.214581,5.4,7.74,6.3,0.00,11842,36.3,90,71,706,4.3,0,33,
2026-01-04T22:33:53.357036,5.9,7.78,6.3,0.00,11851,36.3,90,71,706,4.3,0,33,
2026-01-04T22:33:56.498883,4.6,7.79,6.3,0.00,11876,36.4,90,71,706,4.3,0,33,
2026-01-04T22:33:59.639313,5.4,7.85,6.4,0.00,11885,36.4,90,71,706,4.3,0,33,
2026-01-04T22:34:02.769849,5.4,7.86,6.4,0.00,11862,36.4,90,71,706,4.3,0,32,
2026-01-04T22:34:05.911383,5.4,7.94,6.4,0.00,11915,36.5,90,71,706,4.3,0,32,
2026-01-04T22:34:09.053079,5.4,7.92,6.4,0.00,11910,36.5,90,71,706,4.3,0,32,
2026-01-04T22:34:12.194234,4.6,7.93,6.4,0.00,11893,36.5,90,71,706,4.3,0,32,
2026-01-04T22:34:15.337280,5.4,7.95,6.4,0.00,11893,36.5,90,72,706,4.3,0,32,
2026-01-04T22:34:18.478089,9.2,7.94,6.4,0.00,11904,36.5,91,71,706,4.3,0,32,
2026-01-04T22:34:21.619076,5.0,7.98,6.5,0.00,11908,36.5,90,72,706,4.3,0,32,
2026-01-04T22:34:24.750288,5.8,7.95,6.4,0.00,11909,36.5,91,72,706,4.3,0,32,
2026-01-04T22:34:27.892014,5.0,7.96,6.5,0.00,11909,36.5,90,72,706,4.3,0,32,
2026-01-04T22:34:31.033674,4.6,7.96,6.4,0.00,11907,36.5,90,72,706,4.3,0,32,
2026-01-04T22:34:34.179641,5.0,7.97,6.5,0.00,11907,36.5,91,72,706,4.3,0,32,
2026-01-04T22:34:37.322905,5.0,7.99,6.5,0.00,11907,36.5,90,72,706,4.3,0,32,
2026-01-04T22:34:40.463980,5.0,7.94,6.4,0.00,11907,36.5,90,72,706,4.3,0,32,
2026-01-04T22:34:43.604524,5.0,7.96,6.4,0.00,11907,36.5,90,72,706,4.3,0,32,
2026-01-04T22:34:46.745751,5.0,7.97,6.5,0.00,11907,36.5,90,72,706,4.3,0,32,
2026-01-04T22:34:49.885618,4.6,7.94,6.4,0.00,11907,36.5,90,72,706,4.3,0,32,
2026-01-04T22:34:53.019801,5.4,7.95,6.4,0.00,11907,36.5,90,72,706,4.3,0,32,
2026-01-04T22:34:56.162065,5.4,7.93,6.4,0.00,11907,36.5,90,72,706,4.3,0,32,
2026-01-04T22:34:59.305276,5.0,7.93,6.4,0.00,11907,36.5,91,72,706,4.3,0,32,
2026-01-04T22:35:02.453308,5.0,7.91,6.4,0.00,11907,36.5,90,72,706,4.3,0,32,
2026-01-04T22:35:05.594268,4.6,7.92,6.4,0.00,11907,36.5,90,72,706,4.3,0,32,
2026-01-04T22:35:08.737825,4.6,7.90,6.4,0.00,11907,36.5,90,73,706,4.3,0,32,
2026-01-04T22:35:11.879869,5.4,7.92,6.4,0.00,11903,36.5,90,72,706,4.3,0,32,
2026-01-04T22:35:15.009913,5.0,7.92,6.4,0.00,11903,36.5,90,73,706,4.3,0,31,
2026-01-04T22:35:18.151714,5.0,7.92,6.4,0.00,11903,36.5,90,73,706,4.3,0,32,
2026-01-04T22:35:21.291882,5.0,7.90,6.4,0.00,11903,36.5,90,73,706,4.3,0,31,
2026-01-04T22:35:24.439135,5.0,7.93,6.4,0.00,11898,36.5,90,73,706,4.3,0,31,
2026-01-04T22:35:27.580103,5.8,7.92,6.4,0.00,11901,36.5,91,73,706,4.3,0,31,
2026-01-04T22:35:30.721649,5.4,7.91,6.4,0.00,11907,36.5,92,73,706,4.3,0,31,
2026-01-04T22:35:33.864258,6.3,8.16,6.6,0.00,11889,36.5,91,73,706,4.3,0,31,
2026-01-04T22:35:37.005909,11.7,8.25,6.7,0.00,11948,36.6,91,73,706,4.3,0,31,
2026-01-04T22:35:40.147731,5.0,8.27,6.7,0.00,11957,36.7,66,73,706,4.3,0,31,
2026-01-04T22:35:43.282797,6.2,8.30,6.7,0.00,11945,36.6,91,72,706,4.3,0,31,
2026-01-04T22:35:46.428752,12.9,8.30,6.7,0.00,11944,36.6,90,72,706,4.3,0,31,
2026-01-04T22:35:49.581648,5.0,8.34,6.8,0.00,11946,36.6,91,72,706,4.3,0,31,
2026-01-04T22:35:52.722371,5.0,8.28,6.7,0.00,11942,36.6,90,72,706,4.3,0,31,
2026-01-04T22:35:55.864564,8.4,8.27,6.7,0.00,11937,36.6,90,73,706,4.3,0,31,
2026-01-04T22:35:59.027127,5.8,8.26,6.7,0.00,11936,36.6,90,73,706,4.3,0,31,
2026-01-04T22:36:02.168630,4.2,8.27,6.7,0.00,11936,36.6,90,73,706,4.3,0,31,
2026-01-04T22:36:05.305651,5.4,8.20,6.6,0.00,11936,36.6,90,73,706,4.3,0,31,
2026-01-04T22:36:08.454537,4.6,8.17,6.6,0.00,11926,36.6,90,73,706,4.3,0,31,
2026-01-04T22:36:11.590158,4.6,8.19,6.6,0.00,11917,36.5,90,73,706,4.3,0,31,
2026-01-04T22:36:14.732098,8.7,8.16,6.6,0.00,11915,36.5,90,73,706,4.3,0,31,
2026-01-04T22:36:17.873703,5.0,8.17,6.6,0.00,11913,36.5,91,73,706,4.3,0,31,
2026-01-04T22:36:21.018578,5.0,8.17,6.6,0.00,11911,36.5,91,73,706,4.3,0,31,
2026-01-04T22:36:24.160589,5.0,8.17,6.6,0.00,11914,36.5,90,73,706,4.3,0,31,
2026-01-04T22:36:27.302868,5.4,8.21,6.7,0.00,11912,36.5,90,73,706,4.3,0,31,
2026-01-04T22:36:30.448550,5.0,8.21,6.6,0.00,11911,36.5,90,73,706,4.3,0,31,
2026-01-04T22:36:33.578767,4.6,8.20,6.6,0.00,11911,36.5,90,73,706,4.3,0,31,
2026-01-04T22:36:36.720850,5.4,8.18,6.6,0.00,11911,36.5,90,73,706,4.3,0,31,
2026-01-04T22:36:39.862637,5.4,8.19,6.6,0.00,11913,36.5,90,73,706,4.3,0,31,
2026-01-04T22:36:43.005418,5.4,8.20,6.6,0.00,11911,36.5,90,73,706,4.3,0,31,
2026-01-04T22:36:46.146936,5.8,8.21,6.7,0.00,11911,36.5,90,73,706,4.3,0,31,
2026-01-04T22:36:49.287144,5.8,8.18,6.6,0.00,11911,36.5,90,73,706,4.3,0,31,
2026-01-04T22:36:52.434558,5.0,8.18,6.6,0.00,11911,36.5,90,73,706,4.3,0,31,
2026-01-04T22:36:55.575953,4.6,8.17,6.6,0.00,11911,36.5,90,73,706,4.3,0,31,
2026-01-04T22:36:58.715977,5.4,8.19,6.6,0.00,11911,36.5,90,73,706,4.3,0,31,
2026-01-04T22:37:01.850724,4.6,8.18,6.6,0.00,11911,36.5,90,73,706,4.3,0,31,
2026-01-04T22:37:04.992685,4.6,8.17,6.6,0.00,11911,36.5,90,73,706,4.3,0,31,
2026-01-04T22:37:08.134735,5.0,8.20,6.6,0.00,11911,36.5,91,77,706,4.3,0,31,
2026-01-04T22:37:11.275570,5.0,8.21,6.7,0.00,11911,36.5,90,73,706,4.3,0,31,
2026-01-04T22:37:14.422011,7.1,8.19,6.6,0.00,11911,36.5,90,73,706,4.3,0,31,
2026-01-04T22:37:17.560750,6.2,8.21,6.6,0.00,11911,36.5,90,73,706,4.3,0,31,
2026-01-04T22:37:20.703220,5.4,8.21,6.7,0.00,11911,36.5,90,73,706,4.3,0,31,
2026-01-04T22:37:23.833425,5.0,8.22,6.7,0.00,11911,36.5,90,73,706,4.3,0,31,
2026-01-04T22:37:26.975808,5.0,8.21,6.6,0.00,11912,36.5,90,74,706,4.3,0,31,
2026-01-04T22:37:30.118968,5.4,8.22,6.7,0.00,11912,36.5,90,73,706,4.3,0,31,
2026-01-04T22:37:33.264335,5.0,8.22,6.7,0.00,11911,36.5,91,74,706,4.3,0,31,
2026-01-04T22:37:36.406403,5.9,8.21,6.7,0.00,11911,36.5,90,73,706,4.3,0,31,
2026-01-04T22:37:39.547573,5.4,8.22,6.7,0.00,11911,36.5,91,73,706,4.3,0,31,
2026-01-04T22:37:42.690362,5.8,8.21,6.7,0.00,11911,36.5,90,73,706,4.3,0,31,
2026-01-04T22:37:45.833757,5.8,8.20,6.6,0.00,11911,36.5,90,73,706,4.3,0,31,
2026-01-04T22:37:48.976141,5.4,8.20,6.6,0.00,11911,36.5,90,73,706,4.3,0,31,
2026-01-04T22:37:52.111782,5.4,8.22,6.7,0.00,11911,36.5,89,73,706,4.3,0,31,
2026-01-04T22:37:55.252097,5.4,8.24,6.7,0.00,11911,36.5,90,73,706,4.3,0,31,
2026-01-04T22:37:58.395290,5.4,8.21,6.7,0.00,11912,36.5,90,73,706,4.3,0,31,
2026-01-04T22:38:01.535684,5.4,8.20,6.6,0.00,11911,36.5,90,73,706,4.3,0,31,
2026-01-04T22:38:04.677767,4.6,8.19,6.6,0.00,11911,36.5,90,73,706,4.3,0,31,
2026-01-04T22:38:07.818928,5.4,8.21,6.6,0.00,11911,36.5,91,73,706,4.3,0,31,
2026-01-04T22:38:10.960677,5.0,8.23,6.7,0.00,11911,36.5,90,73,706,4.3,0,31,
2026-01-04T22:38:14.091376,4.6,8.20,6.6,0.00,11913,36.5,90,73,706,4.3,0,31,
2026-01-04T22:38:17.235851,5.0,8.18,6.6,0.00,11913,36.5,90,73,706,4.3,0,31,
2026-01-04T22:38:20.378170,5.8,8.18,6.6,0.00,11911,36.5,90,73,706,4.3,0,31,
2026-01-04T22:38:23.519045,5.0,8.19,6.6,0.00,11911,36.5,91,70,706,4.3,0,31,
2026-01-04T22:38:26.662738,5.8,8.21,6.7,0.00,12021,36.9,90,73,706,4.3,0,31,
2026-01-04T22:38:29.806324,7.1,8.33,6.7,0.00,11991,36.8,89,73,706,4.3,0,31,
2026-01-04T22:38:32.948565,5.0,8.35,6.8,0.00,11977,36.7,90,73,706,4.3,0,31,
2026-01-04T22:38:36.089762,5.0,8.25,6.7,0.00,11963,36.7,90,73,706,4.3,0,31,
2026-01-04T22:38:39.233325,5.0,8.23,6.7,0.00,11963,36.7,90,73,706,4.3,0,31,
2026-01-04T22:38:42.369493,6.6,8.27,6.7,0.00,11943,36.6,90,73,706,4.3,0,31,
2026-01-04T22:38:45.511323,5.0,8.25,6.7,0.00,11943,36.6,90,73,706,4.3,0,31,
2026-01-04T22:38:48.654801,4.6,8.25,6.7,0.00,11943,36.6,89,73,706,4.3,0,31,
2026-01-04T22:38:51.796675,4.6,8.25,6.7,0.00,11943,36.6,90,73,706,4.3,0,31,
2026-01-04T22:38:54.938475,5.0,8.26,6.7,0.00,11943,36.6,90,73,706,4.3,0,31,
2026-01-04T22:38:58.081555,5.0,8.27,6.7,0.00,11943,36.6,90,73,706,4.3,0,31,
2026-01-04T22:39:01.223992,5.4,8.26,6.7,0.00,11943,36.6,90,73,706,4.3,0,31,
2026-01-04T22:39:04.359598,5.8,8.28,6.7,0.00,11935,36.6,90,73,706,4.3,0,31,
2026-01-04T22:39:07.500973,5.4,8.27,6.7,0.00,11935,36.6,96,73,706,4.3,0,31,
2026-01-04T22:39:10.643733,5.4,8.28,6.7,0.00,11935,36.6,90,73,706,4.3,0,31,
2026-01-04T22:39:13.785136,5.4,8.25,6.7,0.00,11935,36.6,89,73,706,4.3,0,31,
2026-01-04T22:39:16.927031,5.0,8.27,6.7,0.00,11935,36.6,90,73,706,4.3,0,31,
2026-01-04T22:39:20.071320,4.6,8.25,6.7,0.00,11952,36.7,89,73,706,4.3,0,31,
2026-01-04T22:39:23.213910,5.4,8.31,6.7,0.00,11975,36.7,90,73,706,4.3,0,31,
2026-01-04T22:39:26.355937,5.8,8.32,6.7,0.00,11959,36.7,89,73,706,4.3,0,31,
2026-01-04T22:39:29.496267,5.4,8.23,6.7,0.00,11958,36.7,90,73,706,4.3,0,31,
2026-01-04T22:39:32.626420,5.0,8.24,6.7,0.00,11958,36.7,90,73,706,4.3,0,31,
2026-01-04T22:39:35.767781,5.4,8.25,6.7,0.00,11957,36.7,90,73,706,4.3,0,31,
2026-01-04T22:39:38.909441,9.2,8.27,6.7,0.00,11972,36.7,90,73,706,4.3,0,31,
2026-01-04T22:39:42.059689,5.0,8.26,6.7,0.00,11971,36.7,90,73,706,4.3,0,31,
2026-01-04T22:39:45.201992,8.7,8.24,6.7,0.00,11963,36.7,90,73,706,4.3,0,31,
2026-01-04T22:39:48.369212,5.4,8.26,6.7,0.00,11963,36.7,58,73,706,4.3,0,31,
2026-01-04T22:39:51.510697,4.6,8.26,6.7,0.00,11963,36.7,90,73,706,4.3,0,31,
2026-01-04T22:39:54.640262,11.3,8.27,6.7,0.00,12043,36.9,90,73,706,4.3,0,31,
2026-01-04T22:39:57.795708,5.0,8.28,6.7,0.00,12018,36.9,90,73,706,4.3,0,31,
2026-01-04T22:40:00.929791,5.0,8.29,6.7,0.00,12033,36.9,90,73,706,4.3,0,31,
2026-01-04T22:40:04.071997,5.0,8.30,6.7,0.00,12026,36.9,90,73,706,4.3,0,31,
2026-01-04T22:40:07.215392,5.5,8.32,6.7,0.00,11995,36.8,90,73,706,4.3,0,31,
2026-01-04T22:40:10.357949,10.8,8.33,6.8,0.00,11998,36.8,90,73,706,4.3,0,31,
2026-01-04T22:40:13.520352,5.4,8.35,6.8,0.00,11977,36.7,90,72,706,4.3,0,31,
2026-01-04T22:40:16.660885,5.4,8.28,6.7,0.00,11979,36.7,90,73,706,4.3,0,31,
2026-01-04T22:40:19.804552,5.0,8.31,6.7,0.00,11971,36.7,92,72,706,4.3,0,31,
2026-01-04T22:40:22.935452,4.6,8.34,6.8,0.00,11990,36.8,91,72,706,4.3,0,31,
2026-01-04T22:40:26.077361,4.6,8.35,6.8,0.00,11980,36.7,90,73,706,4.3,0,31,
2026-01-04T22:40:29.219649,5.9,8.36,6.8,0.00,11971,36.7,90,73,706,4.3,0,31,
2026-01-04T22:40:32.362733,6.3,8.35,6.8,0.00,11977,36.7,90,72,706,4.3,0,31,
2026-01-04T22:40:35.504071,5.8,8.34,6.8,0.00,11962,36.7,90,73,706,4.3,0,31,
2026-01-04T22:40:38.645453,5.0,8.33,6.7,0.00,11944,36.6,90,73,706,4.3,0,31,
2026-01-04T22:40:41.788974,4.6,8.25,6.7,0.00,11981,36.7,91,73,706,4.3,0,31,
2026-01-04T22:40:44.931274,5.5,8.23,6.7,0.00,11998,36.8,91,72,706,4.3,0,31,
2026-01-04T22:40:48.074463,11.7,8.28,6.7,0.00,11992,36.8,92,72,706,4.3,0,31,
2026-01-04T22:40:51.213630,5.4,8.31,6.7,0.00,11983,36.7,90,73,706,4.3,0,31,
2026-01-04T22:40:54.354778,9.6,8.36,6.8,0.00,11980,36.7,90,73,706,4.3,0,31,
2026-01-04T22:40:57.523314,5.4,8.31,6.7,0.00,11977,36.7,91,73,706,4.3,0,31,
2026-01-04T22:41:00.665103,5.0,8.27,6.7,0.00,11962,36.7,90,72,706,4.3,0,31,
2026-01-04T22:41:03.807082,5.0,8.32,6.7,0.00,12004,36.8,90,72,706,4.3,0,31,
2026-01-04T22:41:06.949482,5.8,8.35,6.8,0.00,11996,36.8,91,72,706,4.3,0,31,
2026-01-04T22:41:10.093079,5.8,8.36,6.8,0.00,11966,36.7,91,72,706,4.3,0,31,
2026-01-04T22:41:13.228244,5.8,8.35,6.8,0.00,11965,36.7,91,72,706,4.3,0,31,
2026-01-04T22:41:16.376195,7.1,8.38,6.8,0.00,11957,36.7,98,73,706,4.3,0,31,
2026-01-04T22:41:19.517833,5.8,8.37,6.8,0.00,11952,36.7,91,72,706,4.3,0,31,
2026-01-04T22:41:22.659583,5.9,8.40,6.8,0.00,11952,36.7,91,72,706,4.3,0,31,
2026-01-04T22:41:25.801753,5.0,8.40,6.8,0.00,11955,36.7,90,72,706,4.3,0,31,
2026-01-04T22:41:28.945572,5.4,8.39,6.8,0.00,11945,36.6,90,73,706,4.3,0,31,
2026-01-04T22:41:32.088236,5.4,8.38,6.8,0.00,11939,36.6,90,73,706,4.3,0,31,
2026-01-04T22:41:35.230459,5.4,8.27,6.7,0.00,11939,36.6,90,73,706,4.3,0,31,
2026-01-04T22:41:38.373805,6.3,8.31,6.7,0.00,11943,36.6,90,73,706,4.3,0,31,
2026-01-04T22:41:41.504534,4.6,8.31,6.7,0.00,11941,36.6,90,73,706,4.3,0,31,
2026-01-04T22:41:44.646294,5.0,8.33,6.7,0.00,11939,36.6,90,73,706,4.3,0,31,
2026-01-04T22:41:47.788938,4.6,8.33,6.7,0.00,11939,36.6,89,73,706,4.3,0,31,
2026-01-04T22:41:50.932038,5.4,8.31,6.7,0.00,11939,36.6,90,73,706,4.3,0,31,
2026-01-04T22:41:54.073694,4.2,8.30,6.7,0.00,11939,36.6,90,73,706,4.3,0,31,
2026-01-04T22:41:57.216024,4.6,8.33,6.7,0.00,11939,36.6,90,73,706,4.3,0,31,
2026-01-04T22:42:00.360076,5.8,8.29,6.7,0.00,11939,36.6,90,73,706,4.3,0,31,
2026-01-04T22:42:03.489809,5.0,8.31,6.7,0.00,11939,36.6,89,73,706,4.3,0,31,
2026-01-04T22:42:06.630786,4.6,8.28,6.7,0.00,11941,36.6,91,73,706,4.3,0,31,
2026-01-04T22:42:09.772484,5.8,8.28,6.7,0.00,11965,36.7,92,72,706,4.3,0,31,
2026-01-04T22:42:12.913676,5.4,8.29,6.7,0.00,11966,36.7,90,73,706,4.3,0,31,
2026-01-04T22:42:16.054986,5.0,8.28,6.7,0.00,11940,36.6,90,73,706,4.3,0,31,
2026-01-04T22:42:19.198333,5.4,8.28,6.7,0.00,11940,36.6,90,73,706,4.3,0,31,
2026-01-04T22:42:22.340597,6.2,8.27,6.7,0.00,11940,36.6,90,73,706,4.3,0,31,
2026-01-04T22:42:25.482706,5.0,8.27,6.7,0.00,11958,36.7,90,73,706,4.3,0,31,
2026-01-04T22:42:28.625035,4.6,8.27,6.7,0.00,11954,36.7,90,73,706,4.3,0,31,
2026-01-04T22:42:31.756110,5.0,8.26,6.7,0.00,11936,36.6,90,73,706,4.3,0,31,
2026-01-04T22:42:34.897464,5.0,8.29,6.7,0.00,11947,36.6,91,73,706,4.3,0,31,
2026-01-04T22:42:38.039416,9.6,8.30,6.7,0.00,11959,36.7,90,73,706,4.3,0,31,
2026-01-04T22:42:41.206267,7.5,8.32,6.7,0.00,11972,36.7,90,72,706,4.3,0,31,
2026-01-04T22:42:44.352623,6.2,8.29,6.7,0.00,11968,36.7,90,73,706,4.3,0,31,
2026-01-04T22:42:47.494107,5.0,8.33,6.7,0.00,11968,36.7,90,73,706,4.3,0,31,
2026-01-04T22:42:50.635428,5.4,8.32,6.7,0.00,11968,36.7,90,73,706,4.3,0,31,
2026-01-04T22:42:53.766035,5.4,8.29,6.7,0.00,11968,36.7,90,73,706,4.3,0,31,
2026-01-04T22:42:56.909089,2.9,6.48,5.2,0.00,11464,35.2,1,61,18,0.1,0,31,
2026-01-04T22:43:00.036634,6.3,6.56,5.3,0.00,11457,35.1,3,59,18,0.1,0,31,
2026-01-04T22:43:03.177223,4.1,6.62,5.4,0.00,11502,35.3,3,58,18,0.1,0,31,
2026-01-04T22:43:06.317895,0.4,6.61,5.4,0.00,11469,35.2,1,57,18,0.1,0,31,
2026-01-04T22:43:09.455048,6.2,6.60,5.3,0.00,11467,35.2,1,56,18,0.1,0,31,
2026-01-04T22:43:12.592960,1.3,6.55,5.3,0.00,11466,35.2,0,54,18,0.1,0,31,
2026-01-04T22:43:15.754360,1.7,6.54,5.3,0.00,11465,35.2,0,53,18,0.1,0,31,
2026-01-04T22:43:18.917844,0.0,6.54,5.3,0.00,11449,35.1,4,52,18,0.1,0,31,
2026-01-04T22:43:22.054056,1.3,6.57,5.3,0.00,11441,35.1,1,51,18,0.1,0,31,
2026-01-04T22:43:25.197677,0.8,6.56,5.3,0.00,11437,35.1,1,50,18,0.1,0,31,
2026-01-04T22:43:28.342917,2.5,6.58,5.3,0.00,11437,35.1,1,50,18,0.1,0,31,
2026-01-04T22:43:31.485145,0.4,6.57,5.3,0.00,11437,35.1,1,49,18,0.1,0,31,
2026-01-04T22:43:34.629239,0.4,6.53,5.3,0.00,11437,35.1,0,48,18,0.1,0,31,
2026-01-04T22:43:37.774478,0.8,6.54,5.3,0.00,11437,35.1,1,48,18,0.1,0,31,
2026-01-04T22:43:40.919341,0.8,6.55,5.3,0.00,11439,35.1,0,47,18,0.1,0,31,
2026-01-04T22:43:44.060083,1.3,6.53,5.3,0.00,11438,35.1,0,47,18,0.1,0,31,
2026-01-04T22:43:47.205340,0.4,6.56,5.3,0.00,11435,35.1,1,47,18,0.1,0,31,
2026-01-04T22:43:50.343989,1.7,6.58,5.3,0.00,11430,35.1,1,46,18,0.1,0,31,
2026-01-04T22:43:53.483923,0.8,6.59,5.3,0.00,11429,35.1,1,46,18,0.1,0,31,
2026-01-04T22:43:56.627719,1.3,6.58,5.3,0.00,11428,35.0,1,45,18,0.1,0,31,
2026-01-04T22:43:59.773328,0.0,6.59,5.3,0.00,11428,35.0,1,45,18,0.1,0,31,
2026-01-04T22:44:02.916332,1.7,6.58,5.3,0.00,11428,35.0,0,44,18,0.1,0,31,
2026-01-04T22:44:06.058724,0.8,6.60,5.3,0.00,11465,35.2,2,44,18,0.1,0,31,
2026-01-04T22:44:09.202467,4.2,6.65,5.4,0.00,11489,35.2,0,45,18,0.1,0,31,
2026-01-04T22:44:12.334427,5.8,7.10,5.7,0.00,11480,35.2,0,43,18,0.1,0,31,
2026-01-04T22:44:15.479876,10.0,8.54,6.9,0.00,11455,35.1,0,43,1394,8.6,97,36,
2026-01-04T22:44:18.611089,13.3,8.52,6.9,0.00,11455,35.1,0,43,3008,18.5,51,38,
2026-01-04T22:44:21.738704,22.2,8.50,6.9,0.00,11455,35.1,0,42,3008,18.5,34,46,
2026-01-04T22:44:24.872127,18.1,8.44,6.8,0.00,11455,35.1,0,42,3008,18.5,83,45,
2026-01-04T22:44:28.003965,5.9,8.43,6.8,0.00,11455,35.1,0,42,3008,18.5,52,45,
2026-01-04T22:44:31.132175,6.3,8.35,6.8,0.00,11455,35.1,0,42,3008,18.5,63,44,
2026-01-04T22:44:34.259800,18.3,8.32,6.7,0.00,11455,35.1,0,41,3008,18.5,11,41,
2026-01-04T22:44:37.387983,5.0,8.30,6.7,0.00,11455,35.1,0,41,3008,18.5,58,42,
2026-01-04T22:44:40.513495,6.3,8.27,6.7,0.00,11451,35.1,0,41,3008,18.5,0,44,
2026-01-04T22:44:43.641128,18.6,8.21,6.7,0.00,11451,35.1,0,41,3008,18.5,0,44,
2026-01-04T22:44:46.769678,18.7,8.18,6.6,0.00,11451,35.1,0,41,3008,18.5,48,47,
2026-01-04T22:44:49.898198,12.4,8.14,6.6,0.00,11451,35.1,0,41,3008,18.5,97,48,
2026-01-04T22:44:53.026012,14.5,8.11,6.6,0.00,11441,35.1,0,40,3008,18.5,62,45,
2026-01-04T22:44:56.153565,12.1,8.09,6.6,0.00,11441,35.1,0,40,3008,18.5,25,43,
2026-01-04T22:44:59.287816,10.8,8.09,6.6,0.00,11441,35.1,0,40,3008,18.5,0,44,
2026-01-04T22:45:02.428031,12.4,8.06,6.5,0.00,11435,35.1,0,40,3008,18.5,71,44,
2026-01-04T22:45:05.560169,10.4,8.07,6.5,0.00,11435,35.1,0,40,3008,18.5,89,44,
2026-01-04T22:45:08.686856,12.1,8.08,6.5,0.00,11439,35.1,0,40,3008,18.5,53,45,
2026-01-04T22:45:11.814355,7.9,8.06,6.5,0.00,11437,35.1,0,40,3008,18.5,2,43,
2026-01-04T22:45:14.943659,8.3,8.04,6.5,0.00,11437,35.1,0,40,3008,18.5,0,44,
2026-01-04T22:45:18.075830,13.3,8.01,6.5,0.00,11431,35.1,0,40,3008,18.5,20,43,
2026-01-04T22:45:21.203818,11.3,8.00,6.5,0.00,11431,35.1,0,40,3008,18.5,0,44,
2026-01-04T22:45:24.342452,9.2,8.00,6.5,0.00,11431,35.1,0,39,3008,18.5,0,44,
2026-01-04T22:45:27.472852,8.4,7.98,6.5,0.00,11431,35.1,0,39,3008,18.5,48,45,
2026-01-04T22:45:30.604063,5.0,8.02,6.5,0.00,11431,35.1,0,39,3008,18.5,100,46,
2026-01-04T22:45:33.729470,10.8,7.98,6.5,0.00,11431,35.1,0,39,3008,18.5,0,44,
2026-01-04T22:45:36.862338,4.2,7.96,6.5,0.00,11431,35.1,0,39,3008,18.5,52,53,
2026-01-04T22:45:39.990838,8.8,8.28,6.7,0.00,11935,36.6,0,40,692,4.2,14,44,
2026-01-04T22:45:43.114665,4.2,8.15,6.6,0.00,11935,36.6,1,40,694,4.3,86,45,
2026-01-04T22:45:46.235710,4.2,8.13,6.6,0.00,11935,36.6,1,41,706,4.3,61,45,
2026-01-04T22:45:49.358790,10.0,8.23,6.7,0.00,11935,36.6,1,41,712,4.4,85,44,
2026-01-04T22:45:52.481443,4.2,8.21,6.6,0.00,11935,36.6,0,41,712,4.4,84,48,
2026-01-04T22:45:55.603207,6.3,8.19,6.6,0.00,11935,36.6,1,40,712,4.4,73,45,
2026-01-04T22:45:58.733123,9.2,8.17,6.6,0.00,11935,36.6,1,39,712,4.4,70,44,
2026-01-04T22:46:01.864553,8.4,8.16,6.6,0.00,11935,36.6,0,39,712,4.4,61,47,
2026-01-04T22:46:04.998436,9.5,8.21,6.6,0.00,11935,36.6,1,39,712,4.4,62,44,
2026-01-04T22:46:08.130699,4.6,8.22,6.7,0.00,11935,36.6,90,52,712,4.4,0,43,
2026-01-04T22:46:11.255965,5.0,8.25,6.7,0.00,11935,36.6,90,54,712,4.4,0,42,
2026-01-04T22:46:14.381161,5.4,8.28,6.7,0.00,11935,36.6,90,55,712,4.4,0,41,
2026-01-04T22:46:17.505261,4.6,8.26,6.7,0.00,11935,36.6,90,56,712,4.4,0,41,
2026-01-04T22:46:20.629849,4.6,8.26,6.7,0.00,11935,36.6,91,57,712,4.4,0,41,
2026-01-04T22:46:23.754719,4.2,8.26,6.7,0.00,11935,36.6,90,58,712,4.4,0,40,
2026-01-04T22:46:26.883889,5.4,8.25,6.7,0.00,11935,36.6,91,59,712,4.4,0,39,
2026-01-04T22:46:30.027328,5.0,8.23,6.7,0.00,11938,36.6,90,60,712,4.4,0,38,
2026-01-04T22:46:33.168600,6.7,8.37,6.8,0.00,11972,36.7,90,60,712,4.4,0,38,
2026-01-04T22:46:36.309754,5.8,8.39,6.8,0.00,11986,36.8,91,61,712,4.4,0,38,
2026-01-04T22:46:39.454572,5.0,8.38,6.8,0.00,11946,36.6,90,62,712,4.4,0,37,
2026-01-04T22:46:42.585031,5.4,8.27,6.7,0.00,11931,36.6,90,62,712,4.4,0,37,
2026-01-04T22:46:45.726844,5.4,8.27,6.7,0.00,11931,36.6,89,63,712,4.4,0,37,
2026-01-04T22:46:48.869331,5.0,8.27,6.7,0.00,11931,36.6,90,63,712,4.4,0,36,
2026-01-04T22:46:52.013168,5.4,8.27,6.7,0.00,11931,36.6,90,64,712,4.4,0,36,
2026-01-04T22:46:55.154667,5.0,8.28,6.7,0.00,11946,36.6,90,64,712,4.4,0,36,
2026-01-04T22:46:58.296680,5.0,8.27,6.7,0.00,11948,36.6,90,65,712,4.4,0,36,
2026-01-04T22:47:01.445879,5.0,8.29,6.7,0.00,11929,36.6,90,65,712,4.4,0,35,
2026-01-04T22:47:04.575575,4.6,8.28,6.7,0.00,11929,36.6,90,66,712,4.4,0,35,
2026-01-04T22:47:07.717545,5.4,8.27,6.7,0.00,11930,36.6,90,66,712,4.4,0,35,
2026-01-04T22:47:10.862477,5.4,8.28,6.7,0.00,11930,36.6,90,66,712,4.4,0,35,
2026-01-04T22:47:14.009346,5.0,8.27,6.7,0.00,11930,36.6,91,67,712,4.4,0,35,
2026-01-04T22:47:17.151469,5.0,8.28,6.7,0.00,11930,36.6,90,67,712,4.4,0,35,
2026-01-04T22:47:20.295186,5.4,8.29,6.7,0.00,11931,36.6,90,67,712,4.4,0,34,
2026-01-04T22:47:23.444913,5.0,8.29,6.7,0.00,11930,36.6,90,68,712,4.4,0,34,
2026-01-04T22:47:26.586883,5.4,8.25,6.7,0.00,11930,36.6,90,68,712,4.4,0,34,
2026-01-04T22:47:29.729892,5.8,8.24,6.7,0.00,11930,36.6,89,68,712,4.4,0,34,
2026-01-04T22:47:32.862010,5.4,8.26,6.7,0.00,11930,36.6,91,69,712,4.4,0,34,
2026-01-04T22:47:36.003936,5.4,8.27,6.7,0.00,11934,36.6,91,69,712,4.4,0,34,
2026-01-04T22:47:39.145469,5.4,8.26,6.7,0.00,11929,36.6,89,69,712,4.4,0,34,
2026-01-04T22:47:42.288191,5.0,8.25,6.7,0.00,11930,36.6,90,69,712,4.4,0,34,
2026-01-04T22:47:45.433806,6.2,8.27,6.7,0.00,11930,36.6,90,69,712,4.4,0,34,
2026-01-04T22:47:48.575256,5.8,8.10,6.6,0.00,11915,36.5,90,69,712,4.4,0,34,
2026-01-04T22:47:51.717769,13.3,8.32,6.7,0.00,11932,36.6,90,69,712,4.4,0,34,
2026-01-04T22:47:54.847939,5.4,8.47,6.9,0.00,11973,36.7,90,70,712,4.4,0,33,
2026-01-04T22:47:57.989775,5.0,8.46,6.9,0.00,11945,36.6,90,70,712,4.4,0,33,
2026-01-04T22:48:01.126208,5.4,8.51,6.9,0.00,11985,36.8,90,70,712,4.4,0,33,
2026-01-04T22:48:04.271198,5.4,8.48,6.9,0.00,11979,36.7,90,70,712,4.4,0,33,
2026-01-04T22:48:07.417882,5.4,8.56,6.9,0.00,11987,36.8,90,71,712,4.4,0,33,
2026-01-04T22:48:10.558865,4.6,8.75,7.1,0.00,11987,36.8,89,71,712,4.4,0,33,
2026-01-04T22:48:13.699516,5.4,8.72,7.1,0.00,11967,36.7,90,71,712,4.4,0,33,
2026-01-04T22:48:16.843259,5.4,8.67,7.0,0.00,11967,36.7,90,71,712,4.4,0,33,
2026-01-04T22:48:19.985511,5.0,8.63,7.0,0.00,11967,36.7,90,71,712,4.4,0,33,
2026-01-04T22:48:23.121230,4.6,8.51,6.9,0.00,11967,36.7,90,71,712,4.4,0,33,
2026-01-04T22:48:26.265703,5.0,8.51,6.9,0.00,11967,36.7,90,71,712,4.4,0,33,
2026-01-04T22:48:29.408708,5.4,8.50,6.9,0.00,11967,36.7,90,71,712,4.4,0,33,
2026-01-04T22:48:32.550720,5.4,8.52,6.9,0.00,11967,36.7,90,72,712,4.4,0,33,
2026-01-04T22:48:35.694805,4.6,8.48,6.9,0.00,11967,36.7,90,72,712,4.4,0,33,
2026-01-04T22:48:38.837484,4.6,8.48,6.9,0.00,11963,36.7,90,72,712,4.4,0,33,
2026-01-04T22:48:41.979204,4.6,8.40,6.8,0.00,11963,36.7,90,72,712,4.4,0,32,
2026-01-04T22:48:45.122249,5.0,8.44,6.8,0.00,11946,36.6,90,72,712,4.4,0,32,
2026-01-04T22:48:48.265481,5.0,8.43,6.8,0.00,11946,36.6,90,72,712,4.4,0,32,
2026-01-04T22:48:51.402091,6.2,8.42,6.8,0.00,11946,36.6,90,72,712,4.4,0,32,
2026-01-04T22:48:54.544272,5.0,8.45,6.8,0.00,11946,36.6,90,72,712,4.4,0,32,
2026-01-04T22:48:57.688171,5.4,8.41,6.8,0.00,11946,36.6,91,72,712,4.4,0,32,
2026-01-04T22:49:00.830610,5.4,8.37,6.8,0.00,11946,36.6,89,72,712,4.4,0,32,
2026-01-04T22:49:03.973076,5.4,8.39,6.8,0.00,11946,36.6,90,72,712,4.4,0,32,
2026-01-04T22:49:07.116038,4.2,8.43,6.8,0.00,11936,36.6,90,72,712,4.4,0,32,
2026-01-04T22:49:10.258008,5.0,8.43,6.8,0.00,11936,36.6,90,72,712,4.4,0,32,
2026-01-04T22:49:13.391647,6.2,8.43,6.8,0.00,11936,36.6,90,72,712,4.4,0,32,
2026-01-04T22:49:16.532887,5.0,8.41,6.8,0.00,11936,36.6,90,72,712,4.4,0,32,
2026-01-04T22:49:19.676083,4.2,8.40,6.8,0.00,11936,36.6,90,72,712,4.4,0,32,
2026-01-04T22:49:22.818914,5.4,8.39,6.8,0.00,11936,36.6,90,72,712,4.4,0,32,
2026-01-04T22:49:25.960986,5.0,8.37,6.8,0.00,11936,36.6,90,72,712,4.4,0,32,
2026-01-04T22:49:29.103840,5.8,8.51,6.9,0.00,11959,36.7,91,72,712,4.4,0,32,
2026-01-04T22:49:32.245577,5.4,8.58,6.9,0.00,11935,36.6,91,72,712,4.4,0,32,
2026-01-04T22:49:35.387823,5.9,8.59,7.0,0.00,11922,36.6,90,73,712,4.4,0,32,
2026-01-04T22:49:38.528681,5.0,8.41,6.8,0.00,11920,36.6,90,73,712,4.4,0,32,
2026-01-04T22:49:41.663394,4.6,8.42,6.8,0.00,11920,36.6,90,73,712,4.4,0,32,
2026-01-04T22:49:44.805625,5.8,8.42,6.8,0.00,11920,36.6,90,73,712,4.4,0,32,
2026-01-04T22:49:47.948269,5.8,8.39,6.8,0.00,11920,36.6,90,73,712,4.4,0,32,
2026-01-04T22:49:51.093497,9.9,8.41,6.8,0.00,11919,36.6,90,73,712,4.4,0,32,
2026-01-04T22:49:54.235792,8.3,8.56,6.9,0.00,11919,36.6,91,73,712,4.4,0,32,
2026-01-04T22:49:57.377825,7.1,8.42,6.8,0.00,12062,37.0,91,72,712,4.4,0,32,
